지점명,매장주소
개포,"서울특별시 강남구 논현로 58 (개포동, 동진빌딩)"
논현,서울특별시 강남구 학동로4길 15
대치,서울특별시 강남구 대치동  역삼로 444
삼성,서울특별시 강남구 봉은사로 451 (삼성동)
압구정,서울특별시 강남구 압구정로 306 (신사동)
역삼,서울특별시 강남구 역삼로  146 청오빌딩
일원,"서울특별시 강남구 일원로9길 18, 태경빌딩 102호 (일원동)"
강일,서울특별시 강동구 상일로 127 (고덕동)
길동,"서울특별시 강동구 천중로 200 (길동, 다성이즈빌)"
둔촌,"서울특별시 강동구 풍성로 186, 1층 (성내동)"
천호암사,서울특별시 강동구 올림픽로 738 (천호동)
미아,"서울특별시 강북구 삼양로24길 19, 102동 101호 (미아동, 현대성우아파트)"
번동,"서울특별시 강북구 덕릉로 147 (번동, 선경빌딩)"
수유,"서울특별시 강북구 한천로 1131, 104호 (수유동, 수유현대아파트)"
강서구청,서울특별시 강서구 까치산로 189-1
등촌가양,서울특별시 강서구 강서로 447
발산,서울특별시 강서구 강서로 211  1층
방화,서울특별시 강서구 금낭화로 69 (방화동)
염창,"서울특별시 강서구 양천로 731, 309동 102~3호 (염창동, 동아3차아파트)"
화곡,서울특별시 강서구 곰달래로 66 (화곡동)
낙성대,"서울특별시 관악구 남부순환로 1862 (봉천동, 일송빌딩)"
독산난곡,서울특별시 관악구 난곡로 276  도미노피자 독산난곡점
보라매,서울특별시 관악구 봉천로 283-1 (봉천동)
신림,서울특별시 관악구 신림로 123 (신림동)
구의광장,서울특별시 광진구 광나루로 562
군자,서울특별시 광진구 능동로 253 태영빌딩 1층
자양,"서울특별시 광진구 아차산로 312, 101호 (자양동, 드림타운)"
중곡,서울특별시 광진구 용마산로 39 (중곡동)
개봉,"서울특별시 구로구 중앙로8길 11, 상가 104호 (고척동, 고척월드메르디앙)"
구로,서울특별시 구로구 구로동로 218 (구로동)
신도림,"서울특별시 구로구 경인로61길 21 1층  103,104호 (신도림동, 신도림 크라운빌)"
천왕,"서울특별시 구로구 오류동 오리로 1160, 101호 (오류동)"
가산,서울특별시 금천구 가산로 146 (가산동)
시흥,서울특별시 금천구 독산로 3 (시흥동)
공릉,"서울특별시 노원구 화랑로 465, 101,102호 (공릉동, 엘네스트빌오피스텔)"
당고개,"서울특별시 노원구 덕릉로 740 (상계동, 정진빌딩)"
상계,서울특별시 노원구 노원로 558 (상계동)
월계,서울특별시 노원구 광운로 52 (월계동)
중계,"서울특별시 노원구 한글비석로8길 41, 상가 102호 (중계동, 주공6단지아파트)"
도봉,서울특별시 도봉구 도봉로 775 (도봉동)
쌍문,"서울특별시 도봉구 해등로 139 (창동, 미소애아파트)"
고대,서울특별시 동대문구 안암로 82 (제기동)
이문,서울특별시 동대문구 휘경로 5-1 (이문동)
장안,서울특별시 동대문구 한천로 95 (답십리동)
전농,"서울시 동대문구 서울시립대로 75 102동 106호(전농동, 전농동신성미소지움아파트)"
홍릉,"서울특별시 동대문구 회기로 30, 1층 (제기동)"
사당,서울특별시 동작구 사당로 155  1층
상도,서울특별시 동작구 상도로 302 (상도동)
중앙대,서울특별시 동작구 현충로 136  1층
마포,"서울특별시 마포구 백범로 123 (염리동, 신양빌딩)"
망원,서울특별시 마포구 월드컵로10길 5 (서교동)
상암,서울특별시 마포구 월드컵북로 336 (상암동)
신촌,"서울특별시 마포구 창전로 60, 1층 104~105호 (구수동, 서강빌딩)"
서대문,서울특별시 서대문구 통일로 149-1 (냉천동)
연희,서울특별시 서대문구 연희로 95 (연희동)
홍제,서울특별시 서대문구 세검정로 72 (홍제동)
동서초,"서울특별시 서초구 서운로 220, 1층 2,3호 (서초동, 대지스포츠플라자)"
방배역,"서울특별시 서초구 효령로 140 (방배동, 서진빌딩)"
방배,서울특별시 서초구 방배로 254 (방배동)
서방배,서울특별시 서초구 효령로 22 멤버스뷰
서초,"서울특별시 서초구 사임당로 115  지하1층 B101,B102호"
양재,"서울특별시 서초구 바우뫼로 198, 1층 (양재동, 신우빌딩)"
잠원,"서울특별시 서초구 나루터로 61, 101호 (잠원동, 태승빌딩)"
성수2호,"서울특별시 성동구 성수일로 1, 1층 (성수동1가)"
옥수,"서울특별시 성동구 독서당로 212, 1층 (옥수동)"
왕십리,서울특별시 성동구 난계로 81 (하왕십리동)
행당,서울특별시 성동구 고산자로 308 (마장동)
동소문,서울특별시 성북구 아리랑로 37-2 (동소문동7가)
정릉,"서울특별시 성북구 보국문로 27, 1층 (정릉동)"
가락,서울특별시 송파구 오금로36길 65
롯데월드,서울특별시 송파구 올림픽로 240 롯데월드 지하1층
석촌,"서울특별시 송파구 백제고분로 285 (석촌동, 조광빌딩)"
오금,서울특별시 송파구 중대로 314-1 (오금동)
위례,"서울시 송파구 위례광장로 290 제상가동 1층 138,139호 (장지동 위례중앙푸르지오 2단지)"
잠실본,서울특별시 송파구 백제고분로 184 (잠실동)
잠실야구장,"서울특별시 송파구 올림픽로 25, 야구장내1호점 (잠실동, 서울종합운동장)"
잠실,서울특별시 송파구 백제고분로 490 거보산업(주)
장지,서울특별시 송파구 송이로32길 37 (문정동)
목동,"서울특별시 양천구 목동중앙로 85, 금호종합상가 (목동)"
신월,서울특별시 양천구 신월로 224 (신월동)
양천,서울특별시 양천구 신월로 371 (신정동)
당산,"서울특별시 영등포구 영중로 145, 상가동 101호 (영등포동8가, 삼환아파트)"
대림,"서울특별시 영등포구 신길로 39, 1층 (대림동, 썬프라자)"
대방,서울특별시 영등포구 여의대방로 209 (신길동)
여의도,"서울특별시 영등포구 국제금융로 78 (여의도동, 홍우빌딩)"
영등포,"서울특별시 영등포구 문래북로 108 (문래동3가, 문래동태영데시앙)"
용산,"서울특별시 용산구 원효로 210-1, 1층 (원효로2가)"
이촌,서울특별시 용산구 서빙고로 40 (한강로3가)
이태원,"서울특별시 용산구 보광로 112-3, 2층 (이태원동)"
후암,"서울특별시 용산구 두텁바위로 13, 102호 (갈월동, 그린빌파크오피스텔)"
가좌,"서울특별시 은평구 증산로 303, 상가 104~106호 (증산동, 태광아파트)"
구파발,"서울특별시 은평구 진관4로 17, 820동 상가 101호 (진관동, 은평뉴타운상림마을)"
연신내,서울특별시 은평구 통일로 797 (대조동)
은평,서울특별시 은평구 연서로 35 (역촌동)
응암,"서울특별시 은평구 백련산로 160 (응암동, 녹번역센트레빌)"
대학로,서울특별시 종로구 율곡로 223 (이화동)
성균관대 인사캠(서울,서울특별시 종로구 성균관로 25-2 지하 1층 600주년 기념관
세종로,서울특별시 종로구 필운대로 43 (누하동)
평창,"서울특별시 종로구 평창문화로 75 글로리아타운 비동 102,103호"
명동,서울특별시 중구 마른내로 47 (초동)
신당,서울특별시 중구 다산로 156 (신당동)
면목,"서울특별시 중랑구 용마산로86길 9-27, 상가 104호 (면목동, 신성미소지움아파트)"
중랑,"서울특별시 중랑구 망우로 377 (상봉동, 성환빌딩)"
계양,인천광역시 계양구 주부토로 463 (작전동)
임학,인천광역시 계양구 장제로 889
간석,인천광역시 남동구 주안로 259번길 6(간석동)
구월,인천광역시 남동구 문화로 111 (구월동)
서창,인천광역시 남동구 장아산로 130 (서창동)
인천논현,"인천광역시 남동구 소래역로 28, 조은프라자 112호 (논현동)"
인천만수,"인천광역시 남동구 구월로 318, 1층 (만수동, 대성빌딩)"
용현,인천광역시 미추홀구 인하로133번길 4 현진원룸주택 1층
주안,인천광역시 미추홀구 미추홀대로 628  도미노피자 주안점
부평산곡,인천광역시 부평구 마장로 168 (산곡동)
부평,"인천광역시 부평구 부평대로 114 (부평동, 부평타워큐아파트)"
삼산,"인천광역시 부평구 주부토로 295, 1층 (갈산동)"
검단,"인천광역시 서구 완정로92번길 41, 101, 102호 (마전동, 인천검단힐스테이트2차)"
인천석남,인천광역시 서구 길주로 60 (석남동)
인천연희,"인천광역시 서구 탁옥로 90 (심곡동, 덕산빌딩)"
청라,인천광역시 서구 청라라임로138번길 4-4 (연희동)
송도2호,인천광역시 연수구 송도미래로 47  105호(송도동)
송도,인천광역시 연수구 컨벤시아대로 송도동 21-60 힐스테이트 4단지 116호
신연수,"인천광역시 연수구 함박로91번길 4, 1층 (연수동)"
연수,인천광역시 연수구 용담로 93
옥련,"인천광역시 연수구 청량로184번길 52 (옥련동, 삼선프라자)"
동인천역,인천광역시 중구 참외전로 188 도미노피자
인천운서,인천광역시 중구 모랫말로5번길 1(운서동)
인천하늘도시,인천광역시 중구 영종진로66번길 15  1층 101호(중산동)
고양,"경기도 고양시 덕양구 혜음로 68 (고양동, 중부대학교 근처)"
대화,"경기도 고양시 일산서구 송포로 26, 117호 (대화동, 현대플라자)"
마두백석,경기도 고양시 일산동구 중앙로 1080 남정골드프라자 1층
원당,경기도 고양시 덕양구 고양대로 1375 (성사동)
장항,"경기도 고양시 일산동구 호수로 606, B동 106~107호 (장항동, 코오롱레이크폴리스I)"
중산탄현,경기도 고양시 일산서구 일중로 46 (일산동)
풍동식사,경기도 고양시 일산동구 고양대로 1025  SK 풍동충전소 건너편
행신,"경기도 고양시 덕양구 충경로 29, 1층 (행신동)"
화정,경기도 고양시 덕양구 은빛로 53 (화정동)
후곡,"경기도 고양시 일산서구 일산로 511, 1층 (일산동, 태성프라자)"
과천,"경기도 과천시 새술막길 14, 1층 (중앙동, 과천농협)"
광명일직,경기도 광명시 일직로 28 광명트리플타워 122호
광명,"경기도 광명시 하안로 361, 한마음문화센터 (하안동)"
철산,경기도 광명시 시청로 32 (철산동)
경기광주,"경기도 광주시 역동로 47 (역동, 대복빌딩)"
곤지암,"경기도 광주시 곤지암읍 경충대로 772 (삼리, 다모아빌딩)"
오포,"경기도 광주시 오포읍 오포로 116, 106~107호 (능평리, 한산빌딩)"
태전,"경기도 광주시 고불로 84  2동 1층 4,5호(태전동)"
갈매,"경기도 구리시 갈매순환로 206  1층 109호, 110호"
구리인창,경기도 구리시 동구릉로 79 (인창동)
구리,"경기도 구리시 벌말로 185, 상가 110~111호 (수택동, 구리태영데시앙아파트)"
군포송정,경기도 군포시 송부로33번길 3-23  1층
군포,경기도 군포시 금당로 23 (당동)
산본,경기도 군포시 산본로431번안길 3-7 (산본동)
고촌,경기도 김포시 고촌읍 은행영사정로 41 (신곡리)
김포구래,경기도 김포시 김포한강9로12번길 97-10
김포사우,"경기도 김포시 돌문로 95, 1층 104호 (사우동)"
김포장기,경기도 김포시 김포한강1로78번길 62-15 (장기동)
김포통진,경기도 김포시 통진읍 조강로 24 (서암리)
남양주,경기도 남양주시 진접읍 진건오남로 998 (연평리)
다산지금,경기도 남양주시 다산지금로146번길 18-18  1층(다산동)
다산진건,"경기도 남양주시 다산순환로 118-83  106호,107호(다산동)"
덕소,"경기도 남양주시 와부읍 수레로 49, 104~105호 (덕소리, 마이다스빌딩)"
마석,경기도 남양주시 화도읍 경춘로1876번길  3
별내,경기 남양주시 송산로 153 오토스퀘어 빌딩
호평평내,경기도 남양주시 경춘로 1324
동두천,경기도 동두천시 삼육사로 945 (생연동)
고강원종,경기도 부천시 역곡로 448 (고강동)
부천심곡,경기도 부천시 부일로 429 다온하브 1층
부천약대,경기도 부천시 도약로 213  1층
부천옥길,경기도 부천시 양지로 125 예품빌딩 1층
부천,경기도 부천시 부흥로 181 세민메가트랜스 1층 도미노피자 부천점
상동,경기도 부천시 상이로39번길 7-7  1층
소사역곡,경기도 부천시 부일로 556  1층
중동,경기도 부천시 길주로 352  1층
미금오리,"경기 성남시 분당구 성남대로 52 (103호, 104호)"
서현,경기도 성남시 분당구 서현로 377  거송빌딩 1층
성남상대원,경기도 성남시 중원구 금상로 27
성남수진,경기도 성남시 중원구 산성대로 200 (성남동)
성남태평,"경기도 성남시 수정구 성남대로 1276, 1층 (태평동)"
수내정자,"경기도 성남시 분당구 내정로113번길 4, 정자프라자 107호 (정자동)"
야탑,경기도 성남시 분당구 매화로 43
이매,"경기도 성남시 분당구 성남대로779번길 22 (이매동, 이매상가)"
판교,"경기도 성남시 분당구 서판교로 160, 106~108호 (판교동, 스타식스밸리)"
광교,경기도 수원시 영통구 센트럴타운로 92 (이의동)
권선,"경기도 수원시 권선구 권선로 746 (권선동, 효명빌딩)"
남수원,"경기도 수원시 권선구 경수대로 349, 1층 (권선동)"
동수원,경기도 수원시 팔달구 세지로 394(우만동)
북수원,"경기도 수원시 장안구 송원로 8 (송죽동, 웰가아파트)"
서수원,경기도 수원시 권선구 호매실로218번길 122  1층
성균관대 자과캠(수원,"경기도 수원시 장안구 서부로 2066, 신관기숙사B동"
수원중앙,"경기도 수원시 팔달구 매산로 46, 1층 (매산로2가)"
신영통,경기도 수원시 영통구 영통로112번길 30 (망포동)
영통,경기도 수원시 영통구 청명로 65 (영통동)
율천,"경기도 수원시 장안구 하률로 3, 1층 (천천동)"
배곧신도시,"경기도 시흥시 배곧4로 32-28 (정왕동) 그랜드프라자 101,102호"
시화,경기도 시흥시 봉우재로 32 (정왕동)
시흥목감,경기도 시흥시 남왕길 48-12(목감동)
시흥연성,경기도 시흥시 승지로69번길 7 (능곡동)
시흥은행,경기도 시흥시 은행로 180 (대야동)
고잔,"경기도 안산시 단원구 광덕대로 137, 상가 101~102호 (고잔동, 밀레니엄1)"
상록수,경기도 안산시 상록구 석호로 225 (사동)
선부,경기도 안산시 단원구 지곡로 29 (선부동)
안산성포,경기도 안산시 상록구 예술광장1로 94 (성포동)
공도,경기도 안성시 공도읍 공도4로 21 (만정리)
안성금산,경기도 안성시 대학로 84-1 (금산동)
범계,"경기도 안양시 동안구 평촌대로243번길 30, 1층 (비산동, 샤크존)"
안양석수,"경기도 안양시 만안구 경수대로 1213 (석수동, 문화빌딩)"
안양중앙,"경기도 안양시 만안구 만안로 284, 마인빌오피스텔 103호 (안양동, 마인빌)"
인덕원,경기도 안양시 동안구 관악대로 407 (관양동)
평촌,"경기도 안양시 동안구 귀인로 198, 베스트타운 101호 (평촌동)"
양주고읍,경기도 양주시 고읍로 151  현대빌딩 1층
양주,경기도 양주시 독바위로 36-1 (덕정동)
양평,경기도 양평군 양평읍 중앙로 63
여주,경기도 여주시 세종로 32  (홍문동)
여주,경기도 여주시 세종로 32  (홍문동)
오산세교,경기도 오산시 수청로 18
오산원동,"경기도 오산시 원동로 6, 102호 (원동, 파크스퀘어)"
구성,"경기도 용인시 기흥구 용구대로 2440, 1층 (마북동)"
동백,경기도 용인시 기흥구 동백중앙로 191 씨티프라자 1층 101호~102호
수지상현,"경기도 용인시 수지구 성복2로 17, 1층 (성복동, 수지골드프라자)"
수지신봉,"경기도 용인시 수지구 신봉1로 84 (신봉동, 상록신봉종합상가)"
수지,"경기도 용인시 수지구 문인로13번길 21-2 (풍덕천동, 도미노피자)"
신갈,"경기도 용인시 기흥구 금화로 3, 주공프라자 110호 (상갈동)"
용인남사,경기도 용인시 처인구 남사면 한숲로57번길 15-1  1층
용인,"경기도 용인시 처인구 금령로12번길 6-1 1층(김량장동, 도미노피자)"
용인포곡,"경기도 용인시 처인구 포곡읍 포곡로 80 (둔전리, 청석빌딩)"
죽전,"경기도 용인시 수지구 현암로 111, 1층 104호 (죽전동)"
흥덕,경기도 용인시 기흥구 흥덕1로 97
의왕오전,경기도 의왕시 효행로 54 (오전동)
의왕포일,경기도 의왕시 성고개로 53 에이스청계타워 212호
송산,경기도 의정부시 용현로 97
의정부가능,"경기도 의정부시 평화로 640, 105동 101호 (의정부동, 한진그랑빌)"
의정부민락,"경기도 의정부시 용민로 249  1층 105,106호 (낙양동,골든타워)"
의정부호원,"경기도 의정부시 평화로 271-9, 상가동 110~111호 (호원동, 신도아파트)"
이천부발,경기도 이천시 부발읍 경충대로2050번길 15-88 1층
이천창전,경기도 이천시 영창로 228 (창전동)
금촌,경기도 파주시 시청로 21 (금촌동)
문산,"경기도 파주시 문산읍 문산역로 75 (문산리, 삼문빌딩)"
파주교하,"경기도 파주시 숲속노을로 265, 105~106호 (문발동, 토우프라자)"
파주운정,"경기도 파주시 경의로 1114(야당동) 에펠타워 103,104호"
송탄,경기도 평택시 경기대로 1385 (서정동)
안중,경기도 평택시 안중읍 안현로 372
팽성,"경기도 평택시 부용로 56번길 29, 1층"
평택비전,경기도 평택시 평택2로 118 (비전동)
평택소사벌,경기도 평택시 평남로 1025 (동삭동)
포천송우,경기도 포천시 소흘읍 솔모루로 114 (송우리)
포천시청,경기도 포천시 중앙로 24 (신읍동)
하남미사,경기도 하남시 미사강변서로 30 (매장뒷편 주차장 30분 무료주차 가능)
하남신장,경기도 하남시 하남대로 786-1  1층(신장동)
남동탄,경기도 화성시 동탄순환대로 127-5  1층 108~109호
동탄,"경기도 화성시 동탄지성로 84, 101~102호 (반송동, PARKPLAZA)"
발안향남,경기도 화성시 향남읍 삼천병마로 275 (진천동)
병,"경기도 화성시 병점중앙로 156 (진안동, 드림빌딩)"
봉담,경기도 화성시 봉담읍 동화역말길 29-13 (동화리)
송산그린시티,"경기도 화성시 수노을2로 36  드림디자인센터 1층 105,106호"
신동탄,경기도 화성시 동탄순환대로 708
화성남양,"경기도 화성시 남양읍 남양시장로 105, 덕왕빌딩 101호(남양리)"
강릉,강원도 강릉시 성덕포남로 169 (포남동)
동해,강원도 동해시 감추로 42 (천곡동)
삼척,강원도 삼척시 중앙로 264 (당저동)
속초,강원도 속초시 온천로 287
양구,강원도 양구군 양구읍 양록길 68
영월,강원도 영월군 영월읍 하송로 138
문막,강원도 원주시 문막읍 원문로 1832 (문막리)
원주명륜,강원도 원주시 남원로 623 (명륜동)
원주,강원도 원주시 천사로 155-1 (일산동)
원주혁신,강원도 원주시 미래로 37 1층 104호
인제원통,강원도 인제군 인제읍  인제로206번길 38
철원,강원도 철원군 갈말읍 삼부연로7번길 6 (신철원리)
춘천석사,강원도 춘천시 공지로 220 (효자동)
춘천후평,강원도 춘천시 춘천로 247 (효자동)
태백,강원도 태백시 황지로 36
알펜시아,"강원도 평창군 대관령면 솔봉로 325, 101동 (용산리, 알펜시아리조트)"
대명비발디파크,"강원도 홍천군 서면 한치골길 262, 오크동 지하상가 (팔봉리, 대명비발디파크)"
홍천,강원도 홍천군 홍천읍 홍천로 327 (희망리)
횡성,강원 횡성군 횡성읍 문정로 57 (읍상리 306-1)
계룡,"충청남도 계룡시 엄사면 번영로 12, 1층 103호 (엄사리, 계룡오피스텔)"
공주,충청남도 공주시 신관로 31 (신관동)
논산,충청남도 논산시 중앙로 219 (내동)
당진,"충청남도 당진시 무수동로 230 (읍내동, 도미노피자)"
대천,충청남도 보령시 작은오랏1길 27 (동대동)
부여,충청남도 부여군 부여읍 성왕로 318
서산,충청남도 서산시 안견로 274
서산테크노밸리,충청남도 서산시 성연면 성연4로 27-28  유림빌딩 1층
배방,충청남도 아산시 배방읍 월천2길 78 1층
아산온양,충청남도 아산시 용화고길55번길 25
성정,"충청남도 천안시 서북구 서부대로 578, 1층 (성정동, 우정주택)"
천안성성,충청남도 천안시 서북구 한들1로 152-60
천안신방,충청남도 천안시 신촌로 41
천안쌍용,"충청남도 천안시 서북구 불당5길 19 (불당동, 다리타운빌딩)"
천안원성,"충청남도 천안시 동남구 충절로 128, 원흥빌딩 1층 (원성동)"
천안청당,충청남도 천안시 동남구 광풍로 1863 (청당동)
태안,"충청남도 태안군 태안읍 후곡로 61  1층, (남문리 704-9)"
홍성내포,충청남도 홍성군 홍북읍 충남대로 140 SFC타워 101호
홍성,충청남도 홍성군 홍성읍 홍성천길 318 (대교리)
음성금왕,충청북도 음성군 금왕읍 무극로 200 (무극리)
충북혁신,충북 음성군 맹동면 두레로 23
제천,충청북도 제천시 용두천로 140 (교동)
증평,충청북도 증평군 증평읍 중앙로 179 (창동리)
진천,"충청북도 진천군 진천읍 원덕로 313  1층 104,105호"
상당,"충청북도 청주시 청원구 공항로 101, 1층 103호 (율량동, 은곡빌딩)"
오송,"충청북도 청주시 흥덕구 오송읍 오송생명로 208-9 리움갤러리96 102,103호"
오창,충청북도 청주시 청원구 오창읍 과학산업2로 363 신우에비뉴엘빌딩 103호
청주가경,충청북도 청주시 흥덕구 2순환로 1130 스타쁠레르빌딩 1층 도미노피자
청주산남,충청북도 청주시 서원구 구룡산로 237
청주용암,충청북도 청주시 상당구 단재로 123 (영운동)
청주충북대,충청북도 청주시 서원구 1순환로 684 (사창동)
서충주신도시,"충청북도 충주시 중앙탑면 기업도시로 189 미진이지비아 120(상가)동 1층 105,106호"
충주,충청북도 충주시 갱고개로 158
송촌,대전광역시 대덕구 계족산로 25 (중리동)
신탄진,대전광역시 대덕구 신탄진로 800-1 (신탄진동)
가오,대전광역시 동구 은어송로 75 (가오동)
대전대동,대전광역시 동구 계족로 194-37 (대동)
대전도안,대전광역시 서구 도안동로 31번길 11-15
대전용문,"대전광역시 서구 도산로 335, 1층 (용문동)"
대전월평,"대전광역시 서구 월평로 69, 1층 (월평동)"
둔산,대전광역시 서구 문정로 170 (둔산동)
대덕,"대전광역시 유성구 와룡로 3, 비씨엠빌딩 1층 (송강동)"
대전노은,대전광역시 유성구 노은동로240번길 67 (지족동)
유성,대전광역시 유성구 어은로 44 (어은동)
대전유천,대전광역시 중구 계백로 1606-1
거제고현,경상남도 거제시 거제중앙로 1808-1  1층
거제수양,"경상남도 거제시 해명로 22-10, 1층101호 (수월동)"
옥포아주,경상남도 거제시 거제대로 3587
장승포,"경상남도 거제시 능포로 108, 102동 106호 (능포동, 동헌하이츠)"
거창,경상남도 거창군 거창읍 중앙로 182 (대동리)
김해내동,"경상남도 김해시 금관대로 1340, 1층 (내동)"
김해어방,"경상남도 김해시 인제로 146, 1층 (어방동)"
김해율하,경상남도 김해시 율하2로 122 122
김해진영,"경상남도 김해시 진영읍 장등로19번길 85, 1층 (진영리)"
장유,경상남도 김해시 능동로 15-1 (삼문동)
밀양,경상남도 밀양시 백민로1길 1 (내이동)
사천,경상남도 사천시 사천읍 진삼로 1389 (사주리)
양산물금,경상남도 양산시 물금읍 범구로 42 (범어리)
양산웅상,경상남도 양산시 웅상대로 1257 (삼호동)
양산중부,경상남도 양산시 양산역로 103 (중부동)
진주경상대,경상남도 진주시 진주대로 624-4 (가좌동)
진주교대,경상남도 진주시 진양호로 392 (신안동)
진주초전,경상남도 진주시 대신로 476
마산교방,경상남도 창원시 마산합포구 북성로 48 리바트오피스 1층
마산내서,경상남도 창원시 마산회원구 내서읍 경남대로 987-1 도미노피자
마산산호,경상남도 창원시 마산합포구 합포로 242
마산월영,경상남도 창원시 마산합포구 월영남로 2
진해용원,경상남도 창원시 진해구 용원로 55 (용원동)
진해충무,"경상남도 창원시 진해구 충장로 164 (충무동, 도미노피자)"
창원반송,경상남도 창원시 성산구 반송로 44-1
창원북면,경상남도 창원시 의창구 북면 동전로110번길 4 우리마트 감계점 앞(감계리 56-11)
창원상남,"경상남도 창원시 성산구 마디미동로 58, 103호 (상남동, 골든벨II빌딩)"
창원성주,"경상남도 창원시 성산구 삼정자로72번길 29-1 (성주동, 창원 LAIM PLAZA 빌딩)"
창원소답,경상남도 창원시 의창구 의안로2번길 5
통영서호,경상남도 통영시 중앙로 100-1 (서호동)
통영죽림,"경상남도 통영시 광도면 신죽2길 4 (죽림리, 위너스빌딩)"
경산사동,경산북도 경산시 원효로 202(사동)
경산중방,경상북도 경산시 경안로 249 (중방동)
하양,경상북도 경산시 하양읍 대경로 657 (금락리)
경주보문,"경상북도 경주시 보문로 549, 보문프라자 104호 (천군동)"
경주성건,"경상북도 경주시 금성로395번길 3 (성건동, 서라벌빌딩)"
구미도량,경상북도 구미시 야은로 413 (도량동)
구미상모,경상북도 구미시 상모로 29 (상모동)
구미옥계,경상북도 구미시 옥계북로 86 (옥계동)
구미인동,경상북도 구미시 삼일로 12 (진평동)
김천성내,경상북도 김천시 자산로 188-1 (성내동)
김천혁신,"경상북도 김천시 혁신6로 63 106호,107호"
문경,경상북도 문경시 모전로 108 (모전동)
상주서문,경상북도 상주시 삼백로 120 (서문동)
안동,경상북도 안동시 경동로 638 (천리동)
영주,"경상북도 영주시 구성로 325 (영주동, 도미노피자)"
영천,경상북도 영천시 망정1길 4 (망정동) 망정동 175-15
경북신도청,경북 예천군 호명면 수변로 125 (서진타워) 106호
왜관,경상북도 칠곡군 왜관읍 중앙로 109 (왜관리)
포항시청,경상북도 포항시 남구 대이로 68
포항오천,경상북도 포항시 남구 오천읍 북원로 10
포항장량,경상북도 포항시 북구 새천년대로1249번길 46 (장성동)
포항죽도,경상북도 포항시 북구 양학천로 179-1 (죽도동)
포항학산,경상북도 포항시 북구 학산로 65-1 65-1 (학산동)
포항흥해,"경상북도 포항시 북구 흥해읍 초곡지구로 68 1층 103호,104호"
대구효목,대구광역시 동구 동부로 204
봉덕,대구광역시 남구 봉덕로 66 (봉덕동)
대구성서,대구광역시 달서구 이곡공원로1길 108
대구용산,대구광역시 달서구 달구벌대로 1565 (죽전동)
상인,대구광역시 달서구 월배로 52
월성,대구광역시 달서구 조암로 85-1
대구다사,대구광역시 달성군 다사읍 왕선로 54 (매곡리)
대구현풍,"대구광역시 달성군 현풍면 테크노대로 24, 1층 108,109호(테크노플라자1)"
대구화원,대구광역시 달성군 화원읍 명천로 255
대구이시아폴리스,"대구광역시 동구 팔공로 241  1층 111호, 112호(봉무동)"
반야월,대구광역시 동구 경안로 799
산격,대구광역시 북구 동북로 138-1 (산격동)
칠곡,대구광역시 북구 구암로 139-1 (동천동)
침산,"대구광역시 북구 침산남로 165-2, 1층 (침산동)"
대구시지,대구광역시 수성구 달구벌대로 3076 (시지동)
만촌,"대구광역시 수성구 무열로 113-1, 1층"
범어,"대구광역시 수성구 동대구로 240, 상가 106호 (범어동, 청구푸른마을아파트)"
지산범물,대구광역시 수성구 지범로 11  1층
대구대봉,대구광역시 중구 동덕로 86 (대봉동)
대구중앙,대구광역시 중구 달구벌대로 1965 (대신동)
광양서천,전라남도 광양시 광양읍 서북로 14  1층
광양,전라남도 광양시 사동로 93-1 (중동)
나주,전라남도 나주시 나주로 208 (성북동)
목포북항,전라남도 목포시 청호로 175
목포하당,전라남도 목포시 백년대로 393
무안남악,전라남도 무안군 삼향읍 남악5로72번길 24 (남악리)
순천신대,전라남도 순천시 해룡면 매안4길 32  1층
순천조례,전라남도 순천시 이수로 284 (조례동)
순천중앙,전라남도 순천시 중앙로 181 (매곡동)
여수문수,전라남도 여수시 문수로 76 (문수동)
여천,전라남도 여수시 도원로 277 (학동)
화순,전라남도 화순군 화순읍 만연로 37    1층
고창,전라북도 고창군 고창읍 월곡로 38
군산,"전라북도 군산시 백토로 142, A동 101호 (나운동)"
김제,전라북도 김제시 동서로 284
남원,전라북도 남원시 용성로 166  1층
완주,전라북도 완주군 봉동읍 과학로 997  1동 1층 103호
익산모현,전라북도 익산시 군익로 499  (송학동)
익산영등,전라북도 익산시 고봉로 18길 1(영등동)
전주금암,"전라북도 전주시 덕진구 백제대로 658 (금암동, 도미노피자)"
전주서신,전라북도 전주시 완산구 전룡로 32 (서신동)
전주송천,전라북도 전주시 덕진구 송천중앙로 56 (송천동1가)
전주인후,전라북도 전주시 덕진구 견훤로 146 (인후동1가)
전주혁신,전라북도 전주시 덕진구 기지로 82  대방빌딩 102호
전주효자,"전라북도 전주시 완산구 백제대로 133 (효자동1가, 도미노피자)"
정읍,전라북도 정읍시 우암로 88 (장명동)
광주광산,광주광역시 광산구 목련로 138 (월곡동)
광주송정,광주광역시 광산구 상무대로 305 (소촌동)
광주첨단,광주광역시 광산구 월계로 223-7
광주주월,"광주광역시 남구 봉선로 2, 1층 (주월동, 창신빌딩)"
광주진월,광주광역시 남구 효덕로 310  1층
광주금남로,광주광역시 동구 중앙로 214 (궁동)
광주문흥,광주광역시 북구 서하로 339 (문흥동)
광주양산,광주광역시 북구 하서로 344 (양산동)
광주운암,광주광역시 북구 서암대로 28  1층
광주금호,광주광역시 서구 운천로 117 1층
광주화정,광주광역시 서구 상무대로 1070 (화정동)
울산공업탑,울산광역시 남구 수암로 6 (신정동)
울산달동,울산광역시 남구 번영로 53  1층 도미노피자
울산무거,울산광역시 남구 삼호로 3 (무거동)
울산삼산,"울산광역시 남구 돋질로 246, 1층 (달동)"
울산전하,울산광역시 동구 방어진순환도로 735 (전하동)
울산호계,울산광역시 북구 동대로 69-1 (호계동)
울산화봉,울산광역시 북구 화봉로 143 (연암동)
언양,"울산광역시 울주군 언양읍 북문5길 7, 2호 (신화빌라)"
울산범서,울산광역시 울주군 범서읍 대리로 105 (구영리)
울산온산,울산광역시 울주군 온산읍 신경3길 55 (덕신리)
울산병영,울산광역시 중구 평산1길 2 (약사동)
울산성안,울산광역시 중구 성안로 134
명지,"부산광역시 강서구 명지오션시티10로 16, 201호 (명지동, 퀸덤1차링컨타운)"
구서,부산광역시 금정구 금강로 433 (구서동)
부산대,부산광역시 금정구 금정로 54
기장,부산광역시 기장군 기장읍 차성동로154번길 2 (교리)
정관,부산광역시 기장군 정관읍 용수로 23
대연,부산광역시 남구 수영로 256 (대연동)
용호남천,부산광역시 남구 수영로 346  1층
동래,"부산광역시 동래구 아시아드대로 203 (온천동, 도미노피자)"
충렬사역,부산광역시 동래구 반송로  217
부산개금,"부산광역시 부산진구 가야대로 467, 1층 (개금동)"
서면,부산광역시 부산진구 전포대로 195 (전포동)
초읍,부산광역시 부산진구 성지로 58  1층
덕천,부산광역시 북구 만덕대로 116 (덕천동)
화명,부산광역시 북구 화명신도시로 77 (화명동)
모라,"부산광역시 사상구 사상로 520 (모라동, 도미노피자)"
학장,부산광역시 사상구 학감대로 226
괴정,부산 사하구 사하로 169 (괴정동)
다대포,부산광역시 사하구 다대로 571 (다대동)
하단,부산광역시 사하구 하신중앙로 333 (하단동)
대신,"부산광역시 서구 구덕로 303-1, 1층 (서대신동2가)"
수영,"부산광역시 수영구 수영로 640-1, 1층 (광안동)"
연산,부산 연제구 중앙대로 1173 (1층)
연제토곡,"부산광역시 연제구 과정로 156, 1층"
영도,부산광역시 영도구 태종로 329-1 (청학동)
반여재송,"부산광역시 해운대구 반여로 23 (반여동, 도미노피자)"
부산반송,부산광역시 해운대구 아랫반송로21번길 106 (반송동)
센텀,부산광역시 해운대구 해운대로 535 (우동)
해운대,부산광역시 해운대구 해운대로 793 부산자생한방병원 상가 108호
제주서귀포,제주도 서귀포시 신서귀로 118
제주노형,제주특별자치도 제주시 연북로 18 (노형동)
제주이도,제주 제주시 승천로  70 (1층)
제주화북,제주도 제주시 화삼로 19 (화북1동)
세종다정,"세종특별자치시 한누리대로 331 SR파크센텀 103호,104호"
세종보람,"세종특별자치시 시청대로 209 금강르네상스 1층 107,108호"
세종아름,"세종특별자치시 보듬3로 91, 115~116호 (아름동, 해피라움4)"
조치원,세종특별자치시 조치원읍 문화길 39  1층
